app,algo,persona,episode,ep_len,ep_return,timestamp_ms,apples_eaten,deaths,steps
snake,a2c,snake_survivor,0,11,-31.110000610351562,1761518253148,0.0,1.0,11.0
snake,a2c,snake_survivor,0,15,-31.149999618530273,1761518253205,0.0,1.0,15.0
snake,a2c,snake_survivor,0,34,-31.34000015258789,1761518253494,0.0,1.0,34.0
snake,a2c,snake_survivor,0,42,-29.420000076293945,1761518253616,1.0,1.0,42.0
snake,a2c,snake_survivor,0,46,-31.459999084472656,1761518253677,0.0,1.0,46.0
snake,a2c,snake_survivor,1,46,-31.459999084472656,1761518253842,0.0,1.0,46.0
snake,a2c,snake_survivor,1,44,-31.440000534057617,1761518253870,0.0,1.0,44.0
snake,a2c,snake_survivor,0,60,-31.600000381469727,1761518253884,0.0,1.0,60.0
snake,a2c,snake_survivor,0,61,-31.610000610351562,1761518253903,0.0,1.0,61.0
snake,a2c,snake_survivor,1,27,-31.270000457763672,1761518254021,0.0,1.0,27.0
snake,a2c,snake_survivor,1,26,-31.260000228881836,1761518254069,0.0,1.0,26.0
snake,a2c,snake_survivor,0,73,-31.729999542236328,1761518254082,0.0,1.0,73.0
snake,a2c,snake_survivor,1,17,-31.170000076293945,1761518254153,0.0,1.0,17.0
snake,a2c,snake_survivor,1,47,-31.469999313354492,1761518254197,0.0,1.0,47.0
snake,a2c,snake_survivor,2,12,-31.1200008392334,1761518254235,0.0,1.0,12.0
snake,a2c,snake_survivor,2,35,-31.350000381469727,1761518254353,0.0,1.0,35.0
snake,a2c,snake_survivor,2,36,-31.360000610351562,1761518254394,0.0,1.0,36.0
snake,a2c,snake_survivor,1,46,-31.459999084472656,1761518254559,0.0,1.0,46.0
snake,a2c,snake_survivor,2,28,-31.280000686645508,1761518254560,0.0,1.0,28.0
snake,a2c,snake_survivor,2,44,-31.440000534057617,1761518254659,0.0,1.0,44.0
snake,a2c,snake_survivor,1,42,-31.420000076293945,1761518254687,0.0,1.0,42.0
snake,a2c,snake_survivor,2,34,-31.34000015258789,1761518254687,0.0,1.0,34.0
snake,a2c,snake_survivor,3,27,-31.270000457763672,1761518254743,0.0,1.0,27.0
snake,a2c,snake_survivor,3,36,-31.360000610351562,1761518254929,0.0,1.0,36.0
snake,a2c,snake_survivor,2,24,-31.239999771118164,1761518255049,0.0,1.0,24.0
snake,a2c,snake_survivor,3,35,-31.350000381469727,1761518255084,0.0,1.0,35.0
snake,a2c,snake_survivor,4,27,-31.270000457763672,1761518255160,0.0,1.0,27.0
snake,a2c,snake_survivor,4,14,-31.139999389648438,1761518255286,0.0,1.0,14.0
snake,a2c,snake_survivor,3,42,-29.420000076293945,1761518255320,1.0,1.0,42.0
snake,a2c,snake_survivor,3,45,-31.450000762939453,1761518255333,0.0,1.0,45.0
snake,a2c,snake_survivor,3,75,-31.75,1761518255346,0.0,1.0,75.0
snake,a2c,snake_survivor,3,22,-31.219999313354492,1761518255378,0.0,1.0,22.0
snake,a2c,snake_survivor,2,55,-31.549999237060547,1761518255378,0.0,1.0,55.0
snake,a2c,snake_survivor,5,32,-31.31999969482422,1761518255622,0.0,1.0,32.0
snake,a2c,snake_survivor,4,23,-31.229999542236328,1761518255682,0.0,1.0,23.0
snake,a2c,snake_survivor,4,27,-31.270000457763672,1761518255710,0.0,1.0,27.0
snake,a2c,snake_survivor,4,53,-31.530000686645508,1761518255710,0.0,1.0,53.0
snake,a2c,snake_survivor,4,30,-31.299999237060547,1761518255813,0.0,1.0,30.0
snake,a2c,snake_survivor,5,11,-31.110000610351562,1761518255867,0.0,1.0,11.0
snake,a2c,snake_survivor,3,37,-31.3700008392334,1761518255912,0.0,1.0,37.0
snake,a2c,snake_survivor,4,40,-31.399999618530273,1761518255912,0.0,1.0,40.0
snake,a2c,snake_survivor,5,43,-31.43000030517578,1761518255912,0.0,1.0,43.0
snake,a2c,snake_survivor,5,25,-31.25,1761518256049,0.0,1.0,25.0
snake,a2c,snake_survivor,6,29,-31.290000915527344,1761518256049,0.0,1.0,29.0
snake,a2c,snake_survivor,4,25,-31.25,1761518256286,0.0,1.0,25.0
snake,a2c,snake_survivor,5,35,-31.350000381469727,1761518256331,0.0,1.0,35.0
snake,a2c,snake_survivor,5,45,-29.450000762939453,1761518256372,1.0,1.0,45.0
snake,a2c,snake_survivor,7,25,-31.25,1761518256417,0.0,1.0,25.0
snake,a2c,snake_survivor,6,40,-31.399999618530273,1761518256457,0.0,1.0,40.0
snake,a2c,snake_survivor,7,12,-31.1200008392334,1761518256649,0.0,1.0,12.0
snake,a2c,snake_survivor,6,22,-31.219999313354492,1761518256718,0.0,1.0,22.0
snake,a2c,snake_survivor,6,62,-31.619998931884766,1761518256846,0.0,1.0,62.0
snake,a2c,snake_survivor,5,66,-31.65999984741211,1761518256908,0.0,1.0,66.0
snake,a2c,snake_survivor,6,72,-31.719999313354492,1761518257123,0.0,1.0,72.0
snake,a2c,snake_survivor,7,28,-31.280000686645508,1761518257256,0.0,1.0,28.0
snake,a2c,snake_survivor,6,34,-31.34000015258789,1761518257406,0.0,1.0,34.0
snake,a2c,snake_survivor,8,68,-31.68000030517578,1761518257435,0.0,1.0,68.0
snake,a2c,snake_survivor,8,59,-31.59000015258789,1761518257530,0.0,1.0,59.0
snake,a2c,snake_survivor,5,84,-29.84000015258789,1761518257545,1.0,1.0,84.0
snake,a2c,snake_survivor,6,93,-31.93000030517578,1761518257721,0.0,1.0,93.0
snake,a2c,snake_survivor,7,68,-29.68000030517578,1761518257721,1.0,1.0,68.0
snake,a2c,snake_survivor,8,38,-31.3799991607666,1761518257824,0.0,1.0,38.0
snake,a2c,snake_survivor,9,26,-31.260000228881836,1761518257917,0.0,1.0,26.0
snake,a2c,snake_survivor,7,23,-31.229999542236328,1761518258067,0.0,1.0,23.0
snake,a2c,snake_survivor,9,54,-31.53999900817871,1761518258248,0.0,1.0,54.0
snake,a2c,snake_survivor,6,53,-31.530000686645508,1761518258334,0.0,1.0,53.0
snake,a2c,snake_survivor,7,88,-31.8799991607666,1761518258440,0.0,1.0,88.0
snake,a2c,snake_survivor,9,45,-29.450000762939453,1761518258506,1.0,1.0,45.0
snake,a2c,snake_survivor,8,32,-31.31999969482422,1761518258548,0.0,1.0,32.0
snake,a2c,snake_survivor,10,46,-31.459999084472656,1761518258608,0.0,1.0,46.0
snake,a2c,snake_survivor,7,40,-31.399999618530273,1761518258928,0.0,1.0,40.0
snake,a2c,snake_survivor,10,48,-31.479999542236328,1761518258959,0.0,1.0,48.0
snake,a2c,snake_survivor,10,32,-31.31999969482422,1761518258973,0.0,1.0,32.0
snake,a2c,snake_survivor,9,30,-31.299999237060547,1761518258987,0.0,1.0,30.0
snake,a2c,snake_survivor,8,97,-31.969999313354492,1761518259172,0.0,1.0,97.0
snake,a2c,snake_survivor,8,53,-31.530000686645508,1761518259227,0.0,1.0,53.0
snake,a2c,snake_survivor,7,141,-30.40999984741211,1761518259514,1.0,1.0,141.0
snake,a2c,snake_survivor,9,35,-31.350000381469727,1761518259696,0.0,1.0,35.0
snake,a2c,snake_survivor,11,65,-31.649999618530273,1761518259956,0.0,1.0,65.0
snake,a2c,snake_survivor,11,95,-31.94999885559082,1761518260032,0.0,1.0,95.0
snake,a2c,snake_survivor,10,112,-32.119998931884766,1761518260688,0.0,1.0,112.0
snake,a2c,snake_survivor,11,115,-32.14999771118164,1761518260702,0.0,1.0,115.0
snake,a2c,snake_survivor,8,94,-31.939998626708984,1761518260942,0.0,1.0,94.0
snake,a2c,snake_survivor,12,20,-31.200000762939453,1761518261004,0.0,1.0,20.0
snake,a2c,snake_survivor,8,143,-32.43000030517578,1761518261094,0.0,1.0,143.0
snake,a2c,snake_survivor,11,30,-31.299999237060547,1761518261142,0.0,1.0,30.0
snake,a2c,snake_survivor,9,132,-30.31999969482422,1761518261231,1.0,1.0,132.0
snake,a2c,snake_survivor,12,91,-31.90999984741211,1761518261337,0.0,1.0,91.0
snake,a2c,snake_survivor,9,28,-31.280000686645508,1761518261368,0.0,1.0,28.0
snake,a2c,snake_survivor,12,91,-29.90999984741211,1761518261409,1.0,1.0,91.0
snake,a2c,snake_survivor,10,26,-31.260000228881836,1761518261624,0.0,1.0,26.0
snake,a2c,snake_survivor,12,49,-31.489999771118164,1761518261876,0.0,1.0,49.0
snake,a2c,snake_survivor,13,33,-31.329999923706055,1761518261911,0.0,1.0,33.0
snake,a2c,snake_survivor,10,40,-31.399999618530273,1761518261974,0.0,1.0,40.0
snake,a2c,snake_survivor,11,24,-31.239999771118164,1761518261989,0.0,1.0,24.0
snake,a2c,snake_survivor,13,65,-31.649999618530273,1761518261989,0.0,1.0,65.0
snake,a2c,snake_survivor,13,44,-31.440000534057617,1761518262003,0.0,1.0,44.0
snake,a2c,snake_survivor,9,68,-31.68000030517578,1761518262127,0.0,1.0,68.0
snake,a2c,snake_survivor,14,20,-31.200000762939453,1761518262304,0.0,1.0,20.0
snake,a2c,snake_survivor,14,43,-31.43000030517578,1761518262554,0.0,1.0,43.0
snake,a2c,snake_survivor,10,192,-32.91999816894531,1761518262602,0.0,1.0,192.0
snake,a2c,snake_survivor,11,42,-31.420000076293945,1761518262603,0.0,1.0,42.0
snake,a2c,snake_survivor,13,49,-31.489999771118164,1761518262616,0.0,1.0,49.0
snake,a2c,snake_survivor,14,49,-31.489999771118164,1761518262724,0.0,1.0,49.0
snake,a2c,snake_survivor,15,38,-31.3799991607666,1761518262871,0.0,1.0,38.0
snake,a2c,snake_survivor,12,21,-31.21000099182129,1761518262914,0.0,1.0,21.0
snake,a2c,snake_survivor,10,56,-31.559999465942383,1761518262962,0.0,1.0,56.0
snake,a2c,snake_survivor,15,34,-31.34000015258789,1761518263065,0.0,1.0,34.0
snake,a2c,snake_survivor,14,33,-31.329999923706055,1761518263111,0.0,1.0,33.0
snake,a2c,snake_survivor,13,28,-31.280000686645508,1761518263334,0.0,1.0,28.0
snake,a2c,snake_survivor,12,96,-31.959999084472656,1761518263421,0.0,1.0,96.0
snake,a2c,snake_survivor,11,56,-31.559999465942383,1761518263436,0.0,1.0,56.0
snake,a2c,snake_survivor,16,30,-31.299999237060547,1761518263511,0.0,1.0,30.0
snake,a2c,snake_survivor,16,45,-31.450000762939453,1761518263545,0.0,1.0,45.0
snake,a2c,snake_survivor,15,31,-31.309999465942383,1761518263573,0.0,1.0,31.0
snake,a2c,snake_survivor,12,27,-31.270000457763672,1761518263851,0.0,1.0,27.0
snake,a2c,snake_survivor,13,34,-31.34000015258789,1761518263951,0.0,1.0,34.0
snake,a2c,snake_survivor,14,42,-31.420000076293945,1761518263983,0.0,1.0,42.0
snake,a2c,snake_survivor,17,32,-31.31999969482422,1761518264016,0.0,1.0,32.0
snake,a2c,snake_survivor,16,30,-31.299999237060547,1761518264043,0.0,1.0,30.0
snake,a2c,snake_survivor,11,74,-31.739999771118164,1761518264089,0.0,1.0,74.0
snake,a2c,snake_survivor,15,104,-32.040000915527344,1761518264295,0.0,1.0,104.0
snake,a2c,snake_survivor,15,43,-31.43000030517578,1761518264631,0.0,1.0,43.0
snake,a2c,snake_survivor,17,75,-29.75,1761518264692,1.0,1.0,75.0
snake,a2c,snake_survivor,17,46,-31.459999084472656,1761518264735,0.0,1.0,46.0
snake,a2c,snake_survivor,18,55,-31.549999237060547,1761518264841,0.0,1.0,55.0
snake,a2c,snake_survivor,16,40,-31.399999618530273,1761518264898,0.0,1.0,40.0
snake,a2c,snake_survivor,18,28,-31.280000686645508,1761518265186,0.0,1.0,28.0
snake,a2c,snake_survivor,13,88,-31.8799991607666,1761518265216,0.0,1.0,88.0
snake,a2c,snake_survivor,16,38,-31.3799991607666,1761518265230,0.0,1.0,38.0
snake,a2c,snake_survivor,17,27,-31.270000457763672,1761518265338,0.0,1.0,27.0
snake,a2c,snake_survivor,19,40,-31.399999618530273,1761518265481,0.0,1.0,40.0
snake,a2c,snake_survivor,12,99,-31.989999771118164,1761518265618,0.0,1.0,99.0
snake,a2c,snake_survivor,14,128,-30.279998779296875,1761518265923,1.0,1.0,128.0
snake,a2c,snake_survivor,13,23,-31.229999542236328,1761518265970,0.0,1.0,23.0
snake,a2c,snake_survivor,20,34,-31.34000015258789,1761518265999,0.0,1.0,34.0
snake,a2c,snake_survivor,18,43,-29.43000030517578,1761518265999,1.0,1.0,43.0
snake,a2c,snake_survivor,19,60,-31.600000381469727,1761518266106,0.0,1.0,60.0
snake,a2c,snake_survivor,21,25,-31.25,1761518266391,0.0,1.0,25.0
snake,a2c,snake_survivor,17,91,-31.90999984741211,1761518266638,0.0,1.0,91.0
snake,a2c,snake_survivor,19,44,-31.440000534057617,1761518266681,0.0,1.0,44.0
snake,a2c,snake_survivor,14,101,-32.0099983215332,1761518266768,0.0,1.0,101.0
snake,a2c,snake_survivor,14,61,-31.610000610351562,1761518266910,0.0,1.0,61.0
snake,a2c,snake_survivor,18,145,-32.45000076293945,1761518266945,0.0,1.0,145.0
snake,a2c,snake_survivor,20,24,-31.239999771118164,1761518267051,0.0,1.0,24.0
snake,a2c,snake_survivor,15,74,-31.739999771118164,1761518267065,0.0,1.0,74.0
snake,a2c,snake_survivor,22,45,-31.450000762939453,1761518267080,0.0,1.0,45.0
snake,a2c,snake_survivor,20,82,-31.81999969482422,1761518267372,0.0,1.0,82.0
snake,a2c,snake_survivor,21,25,-31.25,1761518267434,0.0,1.0,25.0
snake,a2c,snake_survivor,16,30,-31.299999237060547,1761518267532,0.0,1.0,30.0
snake,a2c,snake_survivor,18,71,-31.709999084472656,1761518267740,0.0,1.0,71.0
snake,a2c,snake_survivor,22,54,-31.53999900817871,1761518268286,0.0,1.0,54.0
snake,a2c,snake_survivor,23,79,-31.78999900817871,1761518268318,0.0,1.0,79.0
snake,a2c,snake_survivor,15,112,-32.119998931884766,1761518268515,0.0,1.0,112.0
snake,a2c,snake_survivor,17,67,-31.670000076293945,1761518268577,0.0,1.0,67.0
snake,a2c,snake_survivor,19,55,-31.549999237060547,1761518268592,0.0,1.0,55.0
snake,a2c,snake_survivor,15,110,-30.099998474121094,1761518268620,1.0,1.0,110.0
snake,a2c,snake_survivor,23,30,-31.299999237060547,1761518268744,0.0,1.0,30.0
snake,a2c,snake_survivor,24,30,-31.299999237060547,1761518268772,0.0,1.0,30.0
snake,a2c,snake_survivor,16,29,-31.290000915527344,1761518268956,0.0,1.0,29.0
snake,a2c,snake_survivor,18,50,-31.5,1761518269334,0.0,1.0,50.0
snake,a2c,snake_survivor,21,128,-32.279998779296875,1761518269349,0.0,1.0,128.0
snake,a2c,snake_survivor,20,55,-31.549999237060547,1761518269429,0.0,1.0,55.0
snake,a2c,snake_survivor,24,50,-31.5,1761518269506,0.0,1.0,50.0
snake,a2c,snake_survivor,22,21,-31.21000099182129,1761518269671,0.0,1.0,21.0
snake,a2c,snake_survivor,17,51,-31.510000228881836,1761518269729,0.0,1.0,51.0
snake,a2c,snake_survivor,19,191,-32.90999984741211,1761518269881,0.0,1.0,191.0
snake,a2c,snake_survivor,25,33,-31.329999923706055,1761518269996,0.0,1.0,33.0
snake,a2c,snake_survivor,16,94,-31.939998626708984,1761518270043,0.0,1.0,94.0
snake,a2c,snake_survivor,18,22,-31.219999313354492,1761518270058,0.0,1.0,22.0
snake,a2c,snake_survivor,21,49,-31.489999771118164,1761518270169,0.0,1.0,49.0
snake,a2c,snake_survivor,25,97,-31.969999313354492,1761518270248,0.0,1.0,97.0
snake,a2c,snake_survivor,19,19,-31.190000534057617,1761518270354,0.0,1.0,19.0
snake,a2c,snake_survivor,26,36,-31.360000610351562,1761518270556,0.0,1.0,36.0
snake,a2c,snake_survivor,19,108,-32.07999801635742,1761518270989,0.0,1.0,108.0
snake,a2c,snake_survivor,20,83,-31.829999923706055,1761518271153,0.0,1.0,83.0
snake,a2c,snake_survivor,27,46,-31.459999084472656,1761518271261,0.0,1.0,46.0
snake,a2c,snake_survivor,20,67,-31.670000076293945,1761518271380,0.0,1.0,67.0
snake,a2c,snake_survivor,23,114,-32.13999938964844,1761518271414,0.0,1.0,114.0
snake,a2c,snake_survivor,20,51,-31.510000228881836,1761518271764,0.0,1.0,51.0
snake,a2c,snake_survivor,22,110,-32.099998474121094,1761518271857,0.0,1.0,110.0
snake,a2c,snake_survivor,21,35,-31.350000381469727,1761518271915,0.0,1.0,35.0
snake,a2c,snake_survivor,24,53,-31.530000686645508,1761518272220,0.0,1.0,53.0
snake,a2c,snake_survivor,26,131,-32.30999755859375,1761518272253,0.0,1.0,131.0
snake,a2c,snake_survivor,28,70,-31.69999885559082,1761518272325,0.0,1.0,70.0
snake,a2c,snake_survivor,29,10,-31.100000381469727,1761518272474,0.0,1.0,10.0
snake,a2c,snake_survivor,25,24,-31.239999771118164,1761518272582,0.0,1.0,24.0
snake,a2c,snake_survivor,17,166,-32.65999984741211,1761518272582,0.0,1.0,166.0
snake,a2c,snake_survivor,21,79,-31.78999900817871,1761518272961,0.0,1.0,79.0
snake,a2c,snake_survivor,18,59,-31.59000015258789,1761518273475,0.0,1.0,59.0
snake,a2c,snake_survivor,22,61,-31.610000610351562,1761518273894,0.0,1.0,61.0
snake,a2c,snake_survivor,21,182,-32.81999969482422,1761518273930,0.0,1.0,182.0
snake,a2c,snake_survivor,22,154,-32.540000915527344,1761518274288,0.0,1.0,154.0
snake,a2c,snake_survivor,23,170,-32.70000076293945,1761518274483,0.0,1.0,170.0
snake,a2c,snake_survivor,27,150,-32.5,1761518274583,0.0,1.0,150.0
snake,a2c,snake_survivor,26,143,-30.42999839782715,1761518274827,1.0,1.0,143.0
snake,a2c,snake_survivor,28,23,-31.229999542236328,1761518274952,0.0,1.0,23.0
snake,a2c,snake_survivor,19,136,-32.36000061035156,1761518275637,0.0,1.0,136.0
snake,a2c,snake_survivor,23,115,-32.14999771118164,1761518275724,0.0,1.0,115.0
snake,a2c,snake_survivor,23,99,-31.989999771118164,1761518275852,0.0,1.0,99.0
snake,a2c,snake_survivor,24,99,-31.989999771118164,1761518276029,0.0,1.0,99.0
snake,a2c,snake_survivor,30,236,-33.3599967956543,1761518276154,0.0,1.0,236.0
snake,a2c,snake_survivor,22,162,-32.619998931884766,1761518276473,0.0,1.0,162.0
snake,a2c,snake_survivor,31,52,-31.520000457763672,1761518276945,0.0,1.0,52.0
snake,a2c,snake_survivor,23,46,-31.459999084472656,1761518277172,0.0,1.0,46.0
snake,a2c,snake_survivor,20,105,-32.04999923706055,1761518277232,0.0,1.0,105.0
snake,a2c,snake_survivor,27,163,-30.6299991607666,1761518277324,1.0,1.0,163.0
snake,a2c,snake_survivor,32,34,-31.34000015258789,1761518277463,0.0,1.0,34.0
snake,a2c,snake_survivor,24,131,-32.30999755859375,1761518277734,0.0,1.0,131.0
snake,a2c,snake_survivor,33,27,-31.270000457763672,1761518277894,0.0,1.0,27.0
snake,a2c,snake_survivor,29,198,-30.979999542236328,1761518278003,1.0,1.0,198.0
snake,a2c,snake_survivor,25,143,-32.43000030517578,1761518278237,0.0,1.0,143.0
snake,a2c,snake_survivor,30,46,-31.459999084472656,1761518278727,0.0,1.0,46.0
snake,a2c,snake_survivor,21,99,-31.989999771118164,1761518278792,0.0,1.0,99.0
snake,a2c,snake_survivor,24,129,-32.290000915527344,1761518279207,0.0,1.0,129.0
snake,a2c,snake_survivor,34,136,-32.36000061035156,1761518280040,0.0,1.0,136.0
snake,a2c,snake_survivor,31,98,-31.979999542236328,1761518280270,0.0,1.0,98.0
snake,a2c,snake_survivor,26,137,-30.369998931884766,1761518280389,1.0,1.0,137.0
snake,a2c,snake_survivor,24,325,-34.249996185302734,1761518280898,0.0,1.0,325.0
snake,a2c,snake_survivor,25,115,-32.14999771118164,1761518280991,0.0,1.0,115.0
snake,a2c,snake_survivor,35,72,-31.719999313354492,1761518281148,0.0,1.0,72.0
snake,a2c,snake_survivor,22,157,-32.56999969482422,1761518281241,0.0,1.0,157.0
snake,a2c,snake_survivor,25,229,-33.28999710083008,1761518281318,0.0,1.0,229.0
snake,a2c,snake_survivor,26,25,-31.25,1761518281380,0.0,1.0,25.0
snake,a2c,snake_survivor,26,16,-31.15999984741211,1761518281592,0.0,1.0,16.0
snake,a2c,snake_survivor,32,109,-32.09000015258789,1761518281966,0.0,1.0,109.0
snake,a2c,snake_survivor,27,55,-31.549999237060547,1761518282236,0.0,1.0,55.0
snake,a2c,snake_survivor,27,74,-31.739999771118164,1761518282705,0.0,1.0,74.0
snake,a2c,snake_survivor,36,101,-32.0099983215332,1761518282705,0.0,1.0,101.0
snake,a2c,snake_survivor,27,184,-30.839998245239258,1761518283218,1.0,1.0,184.0
snake,a2c,snake_survivor,28,388,-34.87999725341797,1761518283355,0.0,1.0,388.0
snake,a2c,snake_survivor,28,89,-29.889999389648438,1761518283586,1.0,1.0,89.0
snake,a2c,snake_survivor,25,205,-33.04999923706055,1761518284039,0.0,1.0,205.0
snake,a2c,snake_survivor,23,201,-33.0099983215332,1761518284308,0.0,1.0,201.0
snake,a2c,snake_survivor,26,48,-31.479999542236328,1761518284756,0.0,1.0,48.0
snake,a2c,snake_survivor,24,49,-31.489999771118164,1761518285038,0.0,1.0,49.0
snake,a2c,snake_survivor,28,128,-32.279998779296875,1761518285146,0.0,1.0,128.0
snake,a2c,snake_survivor,29,124,-32.23999786376953,1761518285448,0.0,1.0,124.0
snake,a2c,snake_survivor,28,189,-32.88999938964844,1761518285550,0.0,1.0,189.0
snake,a2c,snake_survivor,33,261,-33.6099967956543,1761518285902,0.0,1.0,261.0
snake,a2c,snake_survivor,29,185,-32.849998474121094,1761518286140,0.0,1.0,185.0
snake,a2c,snake_survivor,25,84,-31.84000015258789,1761518286307,0.0,1.0,84.0
snake,a2c,snake_survivor,34,44,-31.440000534057617,1761518286564,0.0,1.0,44.0
snake,a2c,snake_survivor,29,70,-31.69999885559082,1761518286605,0.0,1.0,70.0
snake,a2c,snake_survivor,27,150,-32.5,1761518287018,0.0,1.0,150.0
snake,a2c,snake_survivor,29,141,-32.40999984741211,1761518287278,0.0,1.0,141.0
snake,a2c,snake_survivor,35,67,-31.670000076293945,1761518287577,0.0,1.0,67.0
snake,a2c,snake_survivor,26,107,-32.06999969482422,1761518287923,0.0,1.0,107.0
snake,a2c,snake_survivor,30,165,-32.64999771118164,1761518287937,0.0,1.0,165.0
snake,a2c,snake_survivor,37,350,-34.499996185302734,1761518287978,0.0,1.0,350.0
snake,a2c,snake_survivor,30,96,-31.959999084472656,1761518288050,0.0,1.0,96.0
snake,a2c,snake_survivor,36,32,-31.31999969482422,1761518288050,0.0,1.0,32.0
snake,a2c,snake_survivor,28,82,-31.81999969482422,1761518288255,0.0,1.0,82.0
snake,a2c,snake_survivor,37,52,-31.520000457763672,1761518288850,0.0,1.0,52.0
snake,a2c,snake_survivor,31,70,-31.69999885559082,1761518289000,0.0,1.0,70.0
snake,a2c,snake_survivor,27,73,-31.729999542236328,1761518289027,0.0,1.0,73.0
snake,a2c,snake_survivor,38,20,-31.200000762939453,1761518289147,0.0,1.0,20.0
snake,a2c,snake_survivor,30,204,-33.03999710083008,1761518289224,0.0,1.0,204.0
snake,a2c,snake_survivor,32,15,-31.149999618530273,1761518289224,0.0,1.0,15.0
snake,a2c,snake_survivor,30,131,-32.30999755859375,1761518289251,0.0,1.0,131.0
snake,a2c,snake_survivor,31,99,-31.989999771118164,1761518289547,0.0,1.0,99.0
snake,a2c,snake_survivor,31,26,-31.260000228881836,1761518289609,0.0,1.0,26.0
snake,a2c,snake_survivor,28,56,-31.559999465942383,1761518289862,0.0,1.0,56.0
snake,a2c,snake_survivor,39,51,-31.510000228881836,1761518289908,0.0,1.0,51.0
snake,a2c,snake_survivor,29,122,-32.220001220703125,1761518290092,0.0,1.0,122.0
snake,a2c,snake_survivor,33,83,-31.829999923706055,1761518290468,0.0,1.0,83.0
snake,a2c,snake_survivor,32,67,-31.670000076293945,1761518290562,0.0,1.0,67.0
snake,a2c,snake_survivor,38,181,-32.80999755859375,1761518290710,0.0,1.0,181.0
snake,a2c,snake_survivor,32,81,-31.809999465942383,1761518290828,0.0,1.0,81.0
snake,a2c,snake_survivor,31,113,-32.130001068115234,1761518290949,0.0,1.0,113.0
snake,a2c,snake_survivor,30,61,-31.610000610351562,1761518291009,0.0,1.0,61.0
snake,a2c,snake_survivor,39,22,-31.219999313354492,1761518291037,0.0,1.0,22.0
snake,a2c,snake_survivor,33,35,-31.350000381469727,1761518291082,0.0,1.0,35.0
snake,a2c,snake_survivor,29,84,-31.84000015258789,1761518291125,0.0,1.0,84.0
snake,a2c,snake_survivor,30,39,-31.389999389648438,1761518291714,0.0,1.0,39.0
snake,a2c,snake_survivor,34,93,-31.93000030517578,1761518291869,0.0,1.0,93.0
snake,a2c,snake_survivor,31,61,-31.610000610351562,1761518291930,0.0,1.0,61.0
snake,a2c,snake_survivor,35,24,-31.239999771118164,1761518292229,0.0,1.0,24.0
snake,a2c,snake_survivor,31,40,-31.399999618530273,1761518292321,0.0,1.0,40.0
snake,a2c,snake_survivor,34,84,-31.84000015258789,1761518292351,0.0,1.0,84.0
snake,a2c,snake_survivor,32,37,-31.3700008392334,1761518292487,0.0,1.0,37.0
snake,a2c,snake_survivor,36,32,-31.31999969482422,1761518292719,0.0,1.0,32.0
snake,a2c,snake_survivor,40,117,-32.16999816894531,1761518292814,0.0,1.0,117.0
snake,a2c,snake_survivor,33,138,-32.380001068115234,1761518292920,0.0,1.0,138.0
snake,a2c,snake_survivor,40,211,-33.1099967956543,1761518293103,0.0,1.0,211.0
snake,a2c,snake_survivor,33,55,-31.549999237060547,1761518293330,0.0,1.0,55.0
snake,a2c,snake_survivor,32,71,-31.709999084472656,1761518293406,0.0,1.0,71.0
snake,a2c,snake_survivor,32,192,-32.91999816894531,1761518293885,0.0,1.0,192.0
snake,a2c,snake_survivor,37,86,-31.85999870300293,1761518294063,0.0,1.0,86.0
snake,a2c,snake_survivor,41,89,-31.889999389648438,1761518294208,0.0,1.0,89.0
snake,a2c,snake_survivor,34,101,-32.0099983215332,1761518294514,0.0,1.0,101.0
snake,a2c,snake_survivor,35,140,-30.399999618530273,1761518294543,1.0,1.0,140.0
snake,a2c,snake_survivor,41,97,-31.969999313354492,1761518294647,0.0,1.0,97.0
snake,a2c,snake_survivor,34,88,-31.8799991607666,1761518294743,0.0,1.0,88.0
snake,a2c,snake_survivor,42,51,-31.510000228881836,1761518295033,0.0,1.0,51.0
snake,a2c,snake_survivor,33,114,-32.13999938964844,1761518295247,0.0,1.0,114.0
snake,a2c,snake_survivor,35,48,-31.479999542236328,1761518295513,0.0,1.0,48.0
snake,a2c,snake_survivor,33,107,-32.06999969482422,1761518295610,0.0,1.0,107.0
snake,a2c,snake_survivor,36,79,-31.78999900817871,1761518295812,0.0,1.0,79.0
snake,a2c,snake_survivor,42,84,-31.84000015258789,1761518295984,0.0,1.0,84.0
snake,a2c,snake_survivor,34,55,-31.549999237060547,1761518296112,0.0,1.0,55.0
snake,a2c,snake_survivor,43,81,-31.809999465942383,1761518296312,0.0,1.0,81.0
snake,a2c,snake_survivor,38,142,-32.41999816894531,1761518296326,0.0,1.0,142.0
snake,a2c,snake_survivor,37,116,-32.15999984741211,1761518297617,0.0,1.0,116.0
snake,a2c,snake_survivor,36,141,-32.40999984741211,1761518297709,0.0,1.0,141.0
snake,a2c,snake_survivor,35,204,-33.03999710083008,1761518297723,0.0,1.0,204.0
snake,a2c,snake_survivor,39,104,-32.040000915527344,1761518297936,0.0,1.0,104.0
snake,a2c,snake_survivor,38,28,-31.280000686645508,1761518298041,0.0,1.0,28.0
snake,a2c,snake_survivor,44,114,-32.13999938964844,1761518298069,0.0,1.0,114.0
snake,a2c,snake_survivor,43,148,-32.47999954223633,1761518298265,0.0,1.0,148.0
snake,a2c,snake_survivor,39,19,-31.190000534057617,1761518298327,0.0,1.0,19.0
snake,a2c,snake_survivor,44,16,-31.15999984741211,1761518298504,0.0,1.0,16.0
snake,a2c,snake_survivor,45,70,-31.69999885559082,1761518299122,0.0,1.0,70.0
snake,a2c,snake_survivor,40,65,-29.649999618530273,1761518299307,1.0,1.0,65.0
snake,a2c,snake_survivor,45,63,-31.6299991607666,1761518299456,0.0,1.0,63.0
snake,a2c,snake_survivor,34,268,-33.679996490478516,1761518299718,0.0,1.0,268.0
snake,a2c,snake_survivor,35,251,-29.509998321533203,1761518299939,2.0,1.0,251.0
snake,a2c,snake_survivor,36,7,-31.06999969482422,1761518300047,0.0,1.0,7.0
snake,a2c,snake_survivor,46,75,-31.75,1761518300256,0.0,1.0,75.0
snake,a2c,snake_survivor,37,172,-32.71999740600586,1761518300307,0.0,1.0,172.0
snake,a2c,snake_survivor,46,97,-31.969999313354492,1761518300930,0.0,1.0,97.0
snake,a2c,snake_survivor,40,206,-33.05999755859375,1761518301056,0.0,1.0,206.0
snake,a2c,snake_survivor,37,67,-29.670000076293945,1761518301071,1.0,1.0,67.0
snake,a2c,snake_survivor,38,132,-32.31999969482422,1761518302336,0.0,1.0,132.0
snake,a2c,snake_survivor,36,311,-34.1099967956543,1761518302459,0.0,1.0,311.0
snake,a2c,snake_survivor,35,188,-32.87999725341797,1761518302595,0.0,1.0,188.0
snake,a2c,snake_survivor,47,137,-32.369998931884766,1761518303038,0.0,1.0,137.0
snake,a2c,snake_survivor,39,57,-31.56999969482422,1761518303201,0.0,1.0,57.0
snake,a2c,snake_survivor,41,154,-32.540000915527344,1761518303418,0.0,1.0,154.0
snake,a2c,snake_survivor,48,32,-31.31999969482422,1761518303521,0.0,1.0,32.0
snake,a2c,snake_survivor,41,278,-33.779998779296875,1761518303549,0.0,1.0,278.0
snake,a2c,snake_survivor,40,30,-31.299999237060547,1761518303660,0.0,1.0,30.0
snake,a2c,snake_survivor,37,82,-29.81999969482422,1761518303702,1.0,1.0,82.0
snake,a2c,snake_survivor,47,233,-33.32999801635742,1761518303824,0.0,1.0,233.0
snake,a2c,snake_survivor,38,40,-31.399999618530273,1761518304310,0.0,1.0,40.0
snake,a2c,snake_survivor,38,227,-33.269996643066406,1761518304538,0.0,1.0,227.0
snake,a2c,snake_survivor,41,83,-31.829999923706055,1761518304929,0.0,1.0,83.0
snake,a2c,snake_survivor,48,74,-31.739999771118164,1761518304965,0.0,1.0,74.0
snake,a2c,snake_survivor,39,44,-31.440000534057617,1761518305223,0.0,1.0,44.0
snake,a2c,snake_survivor,42,134,-32.34000015258789,1761518305616,0.0,1.0,134.0
snake,a2c,snake_survivor,36,215,-33.14999771118164,1761518305891,0.0,1.0,215.0
snake,a2c,snake_survivor,40,57,-29.56999969482422,1761518306104,1.0,1.0,57.0
snake,a2c,snake_survivor,49,179,-32.78999710083008,1761518306270,0.0,1.0,179.0
snake,a2c,snake_survivor,49,135,-32.349998474121094,1761518307047,0.0,1.0,135.0
snake,a2c,snake_survivor,41,76,-31.760000228881836,1761518307281,0.0,1.0,76.0
snake,a2c,snake_survivor,42,161,-32.61000061035156,1761518307426,0.0,1.0,161.0
snake,a2c,snake_survivor,43,9,-31.09000015258789,1761518307567,0.0,1.0,9.0
snake,a2c,snake_survivor,43,194,-32.939998626708984,1761518308615,0.0,1.0,194.0
snake,a2c,snake_survivor,42,341,-34.409996032714844,1761518308676,0.0,1.0,341.0
snake,a2c,snake_survivor,42,117,-32.16999816894531,1761518309083,0.0,1.0,117.0
snake,a2c,snake_survivor,50,148,-30.479999542236328,1761518309335,1.0,1.0,148.0
snake,a2c,snake_survivor,44,116,-32.15999984741211,1761518309356,0.0,1.0,116.0
snake,a2c,snake_survivor,51,12,-31.1200008392334,1761518309536,0.0,1.0,12.0
snake,a2c,snake_survivor,44,94,-31.939998626708984,1761518310075,0.0,1.0,94.0
snake,a2c,snake_survivor,50,291,-33.909996032714844,1761518310775,0.0,1.0,291.0
snake,a2c,snake_survivor,52,81,-29.809999465942383,1761518310775,1.0,1.0,81.0
snake,a2c,snake_survivor,43,129,-32.290000915527344,1761518311097,0.0,1.0,129.0
snake,a2c,snake_survivor,39,450,-35.50000762939453,1761518311290,0.0,1.0,450.0
snake,a2c,snake_survivor,51,60,-31.600000381469727,1761518311748,0.0,1.0,60.0
snake,a2c,snake_survivor,45,169,-30.689998626708984,1761518312016,1.0,1.0,169.0
snake,a2c,snake_survivor,44,64,-31.639999389648438,1761518312126,0.0,1.0,64.0
snake,a2c,snake_survivor,40,55,-31.549999237060547,1761518312167,0.0,1.0,55.0
snake,a2c,snake_survivor,45,66,-29.65999984741211,1761518313166,1.0,1.0,66.0
snake,a2c,snake_survivor,52,98,-31.979999542236328,1761518313299,0.0,1.0,98.0
snake,a2c,snake_survivor,46,106,-30.059999465942383,1761518313688,1.0,1.0,106.0
snake,a2c,snake_survivor,46,34,-31.34000015258789,1761518313702,0.0,1.0,34.0
snake,a2c,snake_survivor,53,188,-30.8799991607666,1761518313765,1.0,1.0,188.0
snake,a2c,snake_survivor,43,354,-34.53999710083008,1761518314238,0.0,1.0,354.0
snake,a2c,snake_survivor,44,39,-31.389999389648438,1761518314851,0.0,1.0,39.0
snake,a2c,snake_survivor,45,24,-31.239999771118164,1761518315216,0.0,1.0,24.0
snake,a2c,snake_survivor,45,341,-34.409996032714844,1761518315434,0.0,1.0,341.0
snake,a2c,snake_survivor,53,137,-32.369998931884766,1761518315434,0.0,1.0,137.0
snake,a2c,snake_survivor,37,617,-35.16999816894531,1761518315527,1.0,1.0,617.0
snake,a2c,snake_survivor,54,140,-32.39999771118164,1761518315945,0.0,1.0,140.0
snake,a2c,snake_survivor,47,155,-32.54999923706055,1761518316095,0.0,1.0,155.0
snake,a2c,snake_survivor,41,259,-33.589996337890625,1761518316217,0.0,1.0,259.0
snake,a2c,snake_survivor,46,54,-31.53999900817871,1761518316265,0.0,1.0,54.0
snake,a2c,snake_survivor,47,170,-32.70000076293945,1761518316340,0.0,1.0,170.0
snake,a2c,snake_survivor,38,89,-31.889999389648438,1761518316893,0.0,1.0,89.0
snake,a2c,snake_survivor,54,124,-32.23999786376953,1761518317340,0.0,1.0,124.0
snake,a2c,snake_survivor,39,31,-31.309999465942383,1761518317369,0.0,1.0,31.0
snake,a2c,snake_survivor,55,12,-31.1200008392334,1761518317523,0.0,1.0,12.0
snake,a2c,snake_survivor,42,87,-31.869998931884766,1761518317555,0.0,1.0,87.0
snake,a2c,snake_survivor,47,92,-31.920000076293945,1761518317673,0.0,1.0,92.0
snake,a2c,snake_survivor,46,170,-32.70000076293945,1761518317824,0.0,1.0,170.0
snake,a2c,snake_survivor,55,160,-32.599998474121094,1761518318388,0.0,1.0,160.0
snake,a2c,snake_survivor,43,87,-31.869998931884766,1761518318878,0.0,1.0,87.0
snake,a2c,snake_survivor,47,76,-31.760000228881836,1761518318988,0.0,1.0,76.0
snake,a2c,snake_survivor,44,17,-31.170000076293945,1761518319138,0.0,1.0,17.0
snake,a2c,snake_survivor,56,114,-32.13999938964844,1761518319260,0.0,1.0,114.0
snake,a2c,snake_survivor,48,18,-31.18000030517578,1761518319260,0.0,1.0,18.0
snake,a2c,snake_survivor,40,148,-32.47999954223633,1761518319632,0.0,1.0,148.0
snake,a2c,snake_survivor,45,33,-31.329999923706055,1761518319647,0.0,1.0,33.0
snake,a2c,snake_survivor,49,25,-31.25,1761518319647,0.0,1.0,25.0
snake,a2c,snake_survivor,48,241,-33.40999984741211,1761518319790,0.0,1.0,241.0
snake,a2c,snake_survivor,48,228,-33.279998779296875,1761518319835,0.0,1.0,228.0
snake,a2c,snake_survivor,50,31,-31.309999465942383,1761518320136,0.0,1.0,31.0
snake,a2c,snake_survivor,41,48,-31.479999542236328,1761518320392,0.0,1.0,48.0
snake,a2c,snake_survivor,49,41,-31.40999984741211,1761518320439,0.0,1.0,41.0
snake,a2c,snake_survivor,42,15,-31.149999618530273,1761518320621,0.0,1.0,15.0
snake,a2c,snake_survivor,46,76,-31.760000228881836,1761518320840,0.0,1.0,76.0
snake,a2c,snake_survivor,43,29,-31.290000915527344,1761518321070,0.0,1.0,29.0
snake,a2c,snake_survivor,47,26,-31.260000228881836,1761518321243,0.0,1.0,26.0
snake,a2c,snake_survivor,48,236,-33.3599967956543,1761518321323,0.0,1.0,236.0
snake,a2c,snake_survivor,56,268,-33.679996490478516,1761518322540,0.0,1.0,268.0
snake,a2c,snake_survivor,50,158,-32.57999801635742,1761518322885,0.0,1.0,158.0
snake,a2c,snake_survivor,51,177,-32.77000045776367,1761518322885,0.0,1.0,177.0
snake,a2c,snake_survivor,49,207,-33.06999969482422,1761518323052,0.0,1.0,207.0
snake,a2c,snake_survivor,44,129,-32.290000915527344,1761518323066,0.0,1.0,129.0
snake,a2c,snake_survivor,57,263,-33.62999725341797,1761518323338,0.0,1.0,263.0
snake,a2c,snake_survivor,58,59,-31.59000015258789,1761518324237,0.0,1.0,59.0
snake,a2c,snake_survivor,50,81,-31.809999465942383,1761518324287,0.0,1.0,81.0
snake,a2c,snake_survivor,49,202,-31.01999855041504,1761518324429,1.0,1.0,202.0
snake,a2c,snake_survivor,45,99,-31.989999771118164,1761518324584,0.0,1.0,99.0
snake,a2c,snake_survivor,57,151,-32.5099983215332,1761518324851,0.0,1.0,151.0
snake,a2c,snake_survivor,50,32,-31.31999969482422,1761518324914,0.0,1.0,32.0
snake,a2c,snake_survivor,51,139,-32.38999938964844,1761518325013,0.0,1.0,139.0
snake,a2c,snake_survivor,48,250,-33.5,1761518325093,0.0,1.0,250.0
snake,a2c,snake_survivor,52,167,-32.66999816894531,1761518325446,0.0,1.0,167.0
snake,a2c,snake_survivor,51,78,-31.779998779296875,1761518325492,0.0,1.0,78.0
snake,a2c,snake_survivor,52,51,-31.510000228881836,1761518325797,0.0,1.0,51.0
snake,a2c,snake_survivor,58,93,-31.93000030517578,1761518326277,0.0,1.0,93.0
snake,a2c,snake_survivor,52,79,-31.78999900817871,1761518326685,0.0,1.0,79.0
snake,a2c,snake_survivor,46,144,-30.439998626708984,1761518326782,1.0,1.0,144.0
snake,a2c,snake_survivor,53,74,-31.739999771118164,1761518326917,0.0,1.0,74.0
snake,a2c,snake_survivor,54,37,-31.3700008392334,1761518327488,0.0,1.0,37.0
snake,a2c,snake_survivor,49,198,-32.97999954223633,1761518328104,0.0,1.0,198.0
snake,a2c,snake_survivor,59,258,-33.57999801635742,1761518328182,0.0,1.0,258.0
snake,a2c,snake_survivor,60,27,-31.270000457763672,1761518328596,0.0,1.0,27.0
snake,a2c,snake_survivor,47,140,-32.39999771118164,1761518328915,0.0,1.0,140.0
snake,a2c,snake_survivor,61,24,-31.239999771118164,1761518328960,0.0,1.0,24.0
snake,a2c,snake_survivor,55,156,-32.55999755859375,1761518329861,0.0,1.0,156.0
snake,a2c,snake_survivor,56,44,-31.440000534057617,1761518330530,0.0,1.0,44.0
snake,a2c,snake_survivor,53,343,-34.429996490478516,1761518330664,0.0,1.0,343.0
snake,a2c,snake_survivor,48,138,-30.3799991607666,1761518331006,1.0,1.0,138.0
snake,a2c,snake_survivor,62,143,-30.42999839782715,1761518331134,1.0,1.0,143.0
snake,a2c,snake_survivor,53,326,-32.2599983215332,1761518331654,1.0,1.0,326.0
snake,a2c,snake_survivor,59,357,-34.56999588012695,1761518331714,0.0,1.0,357.0
snake,a2c,snake_survivor,54,135,-32.349998474121094,1761518332726,0.0,1.0,135.0
snake,a2c,snake_survivor,60,71,-31.709999084472656,1761518332801,0.0,1.0,71.0
snake,a2c,snake_survivor,61,11,-31.110000610351562,1761518332974,0.0,1.0,11.0
snake,a2c,snake_survivor,50,321,-34.209999084472656,1761518333006,0.0,1.0,321.0
snake,a2c,snake_survivor,54,102,-32.02000045776367,1761518333235,0.0,1.0,102.0
snake,a2c,snake_survivor,49,146,-32.459999084472656,1761518333266,0.0,1.0,146.0
snake,a2c,snake_survivor,51,575,-34.749996185302734,1761518333727,1.0,1.0,575.0
snake,a2c,snake_survivor,57,244,-31.439998626708984,1761518334296,1.0,1.0,244.0
snake,a2c,snake_survivor,62,93,-29.93000030517578,1761518334433,1.0,1.0,93.0
snake,a2c,snake_survivor,50,105,-32.04999923706055,1761518334923,0.0,1.0,105.0
snake,a2c,snake_survivor,58,76,-31.760000228881836,1761518335501,0.0,1.0,76.0
snake,a2c,snake_survivor,63,322,-34.21999740600586,1761518336128,0.0,1.0,322.0
snake,a2c,snake_survivor,64,24,-31.239999771118164,1761518336490,0.0,1.0,24.0
snake,a2c,snake_survivor,51,115,-32.14999771118164,1761518336676,0.0,1.0,115.0
snake,a2c,snake_survivor,59,110,-32.099998474121094,1761518337174,0.0,1.0,110.0
snake,a2c,snake_survivor,55,255,-31.549999237060547,1761518337188,1.0,1.0,255.0
snake,a2c,snake_survivor,52,244,-33.439998626708984,1761518337490,0.0,1.0,244.0
snake,a2c,snake_survivor,56,42,-31.420000076293945,1761518337822,0.0,1.0,42.0
snake,a2c,snake_survivor,51,319,-32.189998626708984,1761518337944,1.0,1.0,319.0
snake,a2c,snake_survivor,60,70,-31.69999885559082,1761518338238,0.0,1.0,70.0
snake,a2c,snake_survivor,65,131,-32.30999755859375,1761518338494,0.0,1.0,131.0
snake,a2c,snake_survivor,61,24,-31.239999771118164,1761518338601,0.0,1.0,24.0
snake,a2c,snake_survivor,63,276,-33.7599983215332,1761518338674,0.0,1.0,276.0
snake,a2c,snake_survivor,66,50,-31.5,1761518339253,0.0,1.0,50.0
snake,a2c,snake_survivor,52,173,-32.72999954223633,1761518339320,0.0,1.0,173.0
snake,a2c,snake_survivor,62,112,-32.119998931884766,1761518340343,0.0,1.0,112.0
snake,a2c,snake_survivor,67,102,-32.02000045776367,1761518340867,0.0,1.0,102.0
snake,a2c,snake_survivor,55,574,-36.74003601074219,1761518341645,0.0,1.0,574.0
snake,a2c,snake_survivor,57,249,-33.48999786376953,1761518341710,0.0,1.0,249.0
snake,a2c,snake_survivor,68,66,-31.65999984741211,1761518341914,0.0,1.0,66.0
snake,a2c,snake_survivor,58,21,-31.21000099182129,1761518342031,0.0,1.0,21.0
snake,a2c,snake_survivor,59,20,-31.200000762939453,1761518342347,0.0,1.0,20.0
snake,a2c,snake_survivor,52,283,-31.829998016357422,1761518342368,1.0,1.0,283.0
snake,a2c,snake_survivor,53,203,-33.029998779296875,1761518342529,0.0,1.0,203.0
snake,a2c,snake_survivor,69,55,-31.549999237060547,1761518342776,0.0,1.0,55.0
snake,a2c,snake_survivor,53,359,-32.589996337890625,1761518343080,1.0,1.0,359.0
snake,a2c,snake_survivor,54,12,-31.1200008392334,1761518343259,0.0,1.0,12.0
snake,a2c,snake_survivor,60,67,-31.670000076293945,1761518343384,0.0,1.0,67.0
snake,a2c,snake_survivor,55,14,-31.139999389648438,1761518343472,0.0,1.0,14.0
snake,a2c,snake_survivor,63,213,-33.12999725341797,1761518343667,0.0,1.0,213.0
snake,a2c,snake_survivor,56,47,-31.469999313354492,1761518344189,0.0,1.0,47.0
snake,a2c,snake_survivor,54,138,-32.380001068115234,1761518344637,0.0,1.0,138.0
snake,a2c,snake_survivor,55,36,-31.360000610351562,1761518345221,0.0,1.0,36.0
snake,a2c,snake_survivor,70,178,-32.779998779296875,1761518345534,0.0,1.0,178.0
snake,a2c,snake_survivor,56,268,-33.679996490478516,1761518345819,0.0,1.0,268.0
snake,a2c,snake_survivor,61,159,-32.59000015258789,1761518345871,0.0,1.0,159.0
snake,a2c,snake_survivor,57,41,-31.40999984741211,1761518346444,0.0,1.0,41.0
snake,a2c,snake_survivor,71,143,-32.43000030517578,1761518347720,0.0,1.0,143.0
snake,a2c,snake_survivor,57,230,-33.29999923706055,1761518347747,0.0,1.0,230.0
snake,a2c,snake_survivor,62,175,-32.75,1761518348532,0.0,1.0,175.0
snake,a2c,snake_survivor,56,305,-34.04999923706055,1761518349898,0.0,1.0,305.0
snake,a2c,snake_survivor,58,229,-33.28999710083008,1761518349946,0.0,1.0,229.0
snake,a2c,snake_survivor,64,595,-36.950042724609375,1761518352829,0.0,1.0,595.0
snake,a2c,snake_survivor,72,362,-34.619998931884766,1761518353275,0.0,1.0,362.0
snake,a2c,snake_survivor,59,268,-31.67999839782715,1761518354051,1.0,1.0,268.0
snake,a2c,snake_survivor,63,373,-32.72999572753906,1761518354248,1.0,1.0,373.0
snake,a2c,snake_survivor,53,788,-38.88008499145508,1761518354474,0.0,1.0,788.0
snake,a2c,snake_survivor,60,207,-31.069997787475586,1761518357234,1.0,1.0,207.0
snake,a2c,snake_survivor,58,672,-35.720054626464844,1761518358060,1.0,1.0,672.0
snake,a2c,snake_survivor,61,76,-31.760000228881836,1761518358397,0.0,1.0,76.0
snake,a2c,snake_survivor,54,282,-33.81999969482422,1761518358807,0.0,1.0,282.0
snake,a2c,snake_survivor,73,376,-34.7599983215332,1761518359034,0.0,1.0,376.0
snake,a2c,snake_survivor,62,55,-31.549999237060547,1761518359231,0.0,1.0,55.0
snake,a2c,snake_survivor,64,353,-34.529998779296875,1761518359663,0.0,1.0,353.0
snake,a2c,snake_survivor,59,135,-32.349998474121094,1761518360109,0.0,1.0,135.0
snake,a2c,snake_survivor,63,175,-28.749998092651367,1761518361896,2.0,1.0,175.0
snake,a2c,snake_survivor,60,264,-33.63999938964844,1761518364167,0.0,1.0,264.0
snake,a2c,snake_survivor,64,162,-32.619998931884766,1761518364397,0.0,1.0,162.0
snake,a2c,snake_survivor,74,395,-32.94999694824219,1761518365093,1.0,1.0,395.0
snake,a2c,snake_survivor,61,79,-31.78999900817871,1761518365385,0.0,1.0,79.0
snake,a2c,snake_survivor,65,443,-33.429996490478516,1761518366476,1.0,1.0,443.0
snake,a2c,snake_survivor,57,1127,-40.27016067504883,1761518367193,1.0,1.0,1127.0
snake,a2c,snake_survivor,65,198,-30.979999542236328,1761518367448,1.0,1.0,198.0
snake,a2c,snake_survivor,62,138,-30.3799991607666,1761518367507,1.0,1.0,138.0
snake,a2c,snake_survivor,65,999,-38.99013137817383,1761518368143,1.0,1.0,999.0
snake,a2c,snake_survivor,64,1937,-50.37034606933594,1761518368500,0.0,1.0,1937.0
snake,a2c,snake_survivor,63,69,-29.690000534057617,1761518368560,1.0,1.0,69.0
snake,a2c,snake_survivor,66,154,-32.540000915527344,1761518368811,0.0,1.0,154.0
snake,a2c,snake_survivor,64,71,-31.709999084472656,1761518369625,0.0,1.0,71.0
snake,a2c,snake_survivor,58,220,-33.19999694824219,1761518370522,0.0,1.0,220.0
snake,a2c,snake_survivor,66,213,-31.1299991607666,1761518370672,1.0,1.0,213.0
snake,a2c,snake_survivor,67,162,-32.619998931884766,1761518371276,0.0,1.0,162.0
snake,a2c,snake_survivor,59,125,-32.25,1761518372516,0.0,1.0,125.0
snake,a2c,snake_survivor,65,205,-33.04999923706055,1761518372826,0.0,1.0,205.0
snake,a2c,snake_survivor,60,56,-31.559999465942383,1761518373385,0.0,1.0,56.0
snake,a2c,snake_survivor,61,25,-31.25,1761518373788,0.0,1.0,25.0
snake,a2c,snake_survivor,65,343,-34.429996490478516,1761518373837,0.0,1.0,343.0
snake,a2c,snake_survivor,75,577,-34.769996643066406,1761518374018,1.0,1.0,577.0
snake,a2c,snake_survivor,68,189,-30.889999389648438,1761518374281,1.0,1.0,189.0
snake,a2c,snake_survivor,76,132,-30.31999969482422,1761518376107,1.0,1.0,132.0
snake,a2c,snake_survivor,66,233,-33.32999801635742,1761518377497,0.0,1.0,233.0
snake,a2c,snake_survivor,66,313,-34.12999725341797,1761518377768,0.0,1.0,313.0
snake,a2c,snake_survivor,77,116,-32.15999984741211,1761518377924,0.0,1.0,116.0
snake,a2c,snake_survivor,78,10,-29.100000381469727,1761518378075,1.0,1.0,10.0
snake,a2c,snake_survivor,67,36,-31.360000610351562,1761518378314,0.0,1.0,36.0
snake,a2c,snake_survivor,68,132,-30.31999969482422,1761518380316,1.0,1.0,132.0
snake,a2c,snake_survivor,69,44,-31.440000534057617,1761518380992,0.0,1.0,44.0
snake,a2c,snake_survivor,79,252,-33.519996643066406,1761518381901,0.0,1.0,252.0
snake,a2c,snake_survivor,69,653,-37.53005599975586,1761518384344,0.0,1.0,653.0
snake,a2c,snake_survivor,70,15,-29.149999618530273,1761518384571,1.0,1.0,15.0
snake,a2c,snake_survivor,66,1077,-41.77014923095703,1761518384786,0.0,1.0,1077.0
snake,a2c,snake_survivor,70,262,-29.619998931884766,1761518384983,2.0,1.0,262.0
snake,a2c,snake_survivor,71,89,-29.889999389648438,1761518385950,1.0,1.0,89.0
snake,a2c,snake_survivor,80,274,-31.73999786376953,1761518386101,1.0,1.0,274.0
snake,a2c,snake_survivor,72,35,-31.350000381469727,1761518386489,0.0,1.0,35.0
snake,a2c,snake_survivor,73,60,-29.600000381469727,1761518387414,1.0,1.0,60.0
snake,a2c,snake_survivor,71,194,-30.939998626708984,1761518387984,1.0,1.0,194.0
snake,a2c,snake_survivor,74,56,-29.559999465942383,1761518388274,1.0,1.0,56.0
snake,a2c,snake_survivor,67,297,-33.96999740600586,1761518389348,0.0,1.0,297.0
snake,a2c,snake_survivor,81,321,-34.209999084472656,1761518391029,0.0,1.0,321.0
snake,a2c,snake_survivor,67,898,-39.98011016845703,1761518391239,0.0,1.0,898.0
snake,a2c,snake_survivor,68,382,-30.819997787475586,1761518397175,2.0,1.0,382.0
snake,a2c,snake_survivor,68,684,-35.84006118774414,1761518399901,1.0,1.0,684.0
snake,a2c,snake_survivor,69,101,-30.010000228881836,1761518401443,1.0,1.0,101.0
snake,a2c,snake_survivor,72,897,-39.97010803222656,1761518401776,0.0,1.0,897.0
snake,a2c,snake_survivor,62,1837,-47.370323181152344,1761518402065,1.0,1.0,1837.0
snake,a2c,snake_survivor,63,394,-30.93999671936035,1761518408100,2.0,1.0,394.0
snake,a2c,snake_survivor,64,521,-34.20999526977539,1761518416103,1.0,1.0,521.0
snake,a2c,snake_survivor,69,1255,-43.55018997192383,1761518416399,0.0,1.0,1255.0
snake,a2c,snake_survivor,82,1656,-47.56028366088867,1761518416477,0.0,1.0,1656.0
snake,a2c,snake_survivor,73,1113,-40.130157470703125,1761518418853,1.0,1.0,1113.0
snake,a2c,snake_survivor,70,1226,-43.26018524169922,1761518420248,0.0,1.0,1226.0
snake,a2c,snake_survivor,71,43,-31.43000030517578,1761518420899,0.0,1.0,43.0
snake,a2c,snake_survivor,83,326,-34.2599983215332,1761518421465,0.0,1.0,326.0
snake,a2c,snake_survivor,70,362,-34.619998931884766,1761518421937,0.0,1.0,362.0
snake,a2c,snake_survivor,84,129,-28.28999900817871,1761518423460,2.0,1.0,129.0
snake,a2c,snake_survivor,74,313,-32.12999725341797,1761518423682,1.0,1.0,313.0
snake,a2c,snake_survivor,75,282,-29.819997787475586,1761518428043,2.0,1.0,282.0
snake,a2c,snake_survivor,71,579,-34.78999328613281,1761518430913,1.0,1.0,579.0
snake,a2c,snake_survivor,76,210,-31.099998474121094,1761518431271,1.0,1.0,210.0
snake,a2c,snake_survivor,72,30,-31.299999237060547,1761518431357,0.0,1.0,30.0
snake,a2c,snake_survivor,77,142,-30.419998168945312,1761518433438,1.0,1.0,142.0
snake,a2c,snake_survivor,78,100,-30.0,1761518434945,1.0,1.0,100.0
snake,a2c,snake_survivor,79,141,-30.409997940063477,1761518437109,1.0,1.0,141.0
snake,a2c,snake_survivor,80,74,-29.739999771118164,1761518438235,1.0,1.0,74.0
snake,a2c,snake_survivor,72,1131,-40.310115814208984,1761518438278,1.0,1.0,1131.0
snake,a2c,snake_survivor,75,3683,-65.82982635498047,1761518444826,1.0,1.0,3683.0
snake,a2c,snake_survivor,65,1901,-50.010337829589844,1761518445294,0.0,1.0,1901.0
snake,a2c,snake_survivor,85,1422,-45.22023010253906,1761518445294,0.0,1.0,1422.0
snake,a2c,snake_survivor,81,475,-33.749996185302734,1761518445520,1.0,1.0,475.0
snake,a2c,snake_survivor,73,930,-40.30011749267578,1761518445578,0.0,1.0,930.0
snake,a2c,snake_survivor,82,124,-28.239999771118164,1761518447453,2.0,1.0,124.0
snake,a2c,snake_survivor,83,21,-31.21000099182129,1761518447799,0.0,1.0,21.0
snake,a2c,snake_survivor,86,167,-32.66999816894531,1761518447901,0.0,1.0,167.0
snake,a2c,snake_survivor,76,562,-36.620033264160156,1761518453505,0.0,1.0,562.0
snake,a2c,snake_survivor,84,1295,-43.950199127197266,1761518467810,0.0,1.0,1295.0
snake,a2c,snake_survivor,55,7193,-102.92695617675781,1761518469521,0.0,1.0,7193.0
snake,a2c,snake_survivor,56,462,-35.62001037597656,1761518476689,0.0,1.0,462.0
snake,a2c,snake_survivor,77,1528,-46.28025436401367,1761518477160,0.0,1.0,1528.0
snake,a2c,snake_survivor,85,764,-38.640079498291016,1761518479547,0.0,1.0,764.0
snake,a2c,snake_survivor,67,7569,-106.68775939941406,1761518487364,0.0,1.0,7569.0
snake,a2c,snake_survivor,74,2811,-59.11054611206055,1761518489044,0.0,1.0,2811.0
snake,a2c,snake_survivor,66,2939,-60.39057540893555,1761518490707,0.0,1.0,2939.0
snake,a2c,snake_survivor,75,263,-33.62999725341797,1761518493052,0.0,1.0,263.0
snake,a2c,snake_survivor,68,381,-34.80999755859375,1761518493171,0.0,1.0,381.0
snake,a2c,snake_survivor,57,1072,-41.720149993896484,1761518493185,0.0,1.0,1072.0
snake,a2c,snake_survivor,58,23,-31.229999542236328,1761518493535,0.0,1.0,23.0
snake,a2c,snake_survivor,86,948,-40.48012161254883,1761518494175,0.0,1.0,948.0
snake,a2c,snake_survivor,87,13,-31.1299991607666,1761518494373,0.0,1.0,13.0
snake,a2c,snake_survivor,88,144,-32.439998626708984,1761518496587,0.0,1.0,144.0
snake,a2c,snake_survivor,59,219,-33.189998626708984,1761518496894,0.0,1.0,219.0
snake,a2c,snake_survivor,67,542,-36.42002868652344,1761518498991,0.0,1.0,542.0
snake,a2c,snake_survivor,76,396,-34.95999526977539,1761518499111,0.0,1.0,396.0
snake,a2c,snake_survivor,77,21,-31.21000099182129,1761518499432,0.0,1.0,21.0
snake,a2c,snake_survivor,60,259,-33.589996337890625,1761518500844,0.0,1.0,259.0
snake,a2c,snake_survivor,68,706,-38.06006622314453,1761518509862,0.0,1.0,706.0
snake,a2c,snake_survivor,78,3504,-66.04013061523438,1761518530891,0.0,1.0,3504.0
snake,a2c,snake_survivor,79,298,-33.97999954223633,1761518535463,0.0,1.0,298.0
snake,a2c,snake_survivor,69,2094,-51.94038391113281,1761518542277,0.0,1.0,2094.0
snake,a2c,snake_survivor,89,4151,-72.50904083251953,1761518561580,0.0,1.0,4151.0
snake,a2c,snake_survivor,70,1489,-45.89024353027344,1761518566252,0.0,1.0,1489.0
snake,a2c,snake_survivor,71,1749,-48.49030303955078,1761518594264,0.0,1.0,1749.0
snake,a2c,snake_survivor,73,10122,-132.22320556640625,1761518596640,0.0,1.0,10122.0
snake,a2c,snake_survivor,87,9840,-129.40260314941406,1761518602134,0.0,1.0,9840.0
snake,a2c,snake_survivor,72,1633,-47.33027648925781,1761518620588,0.0,1.0,1633.0
snake,a2c,snake_survivor,69,8159,-112.58901977539062,1761518622306,0.0,1.0,8159.0
snake,a2c,snake_survivor,70,17,-31.170000076293945,1761518622586,0.0,1.0,17.0
snake,a2c,snake_survivor,74,1855,-49.55032730102539,1761518626482,0.0,1.0,1855.0
snake,a2c,snake_survivor,73,595,-36.950042724609375,1761518630141,0.0,1.0,595.0
snake,a2c,snake_survivor,88,2602,-57.02050018310547,1761518644042,0.0,1.0,2602.0
snake,a2c,snake_survivor,61,9036,-119.36050415039062,1761518644520,1.0,1.0,9036.0
snake,a2c,snake_survivor,62,26,-31.260000228881836,1761518644952,0.0,1.0,26.0
snake,a2c,snake_survivor,63,868,-39.68010330200195,1761518658994,0.0,1.0,868.0
snake,a2c,snake_survivor,90,6126,-92.25572967529297,1761518660090,0.0,1.0,6126.0
snake,a2c,snake_survivor,78,10092,-131.9231414794922,1761518660106,0.0,1.0,10092.0
snake,a2c,snake_survivor,64,71,-31.709999084472656,1761518660137,0.0,1.0,71.0
snake,a2c,snake_survivor,71,2331,-52.31039047241211,1761518660203,1.0,1.0,2331.0
snake,a2c,snake_survivor,89,1138,-40.380165100097656,1761518662427,1.0,1.0,1138.0
snake,a2c,snake_survivor,65,368,-34.679996490478516,1761518665943,0.0,1.0,368.0
snake,a2c,snake_survivor,90,241,-33.40999984741211,1761518666192,0.0,1.0,241.0
snake,a2c,snake_survivor,91,2878,-59.78056335449219,1761518712699,0.0,1.0,2878.0
snake,a2c,snake_survivor,75,5541,-86.40670776367188,1761518715829,0.0,1.0,5541.0
snake,a2c,snake_survivor,66,3130,-62.30061721801758,1761518716467,0.0,1.0,3130.0
snake,a2c,snake_survivor,76,84,-31.84000015258789,1761518717178,0.0,1.0,84.0
snake,a2c,snake_survivor,79,3582,-66.81999969482422,1761518717802,0.0,1.0,3582.0
snake,a2c,snake_survivor,80,11459,-141.5960693359375,1761518719978,2.0,1.0,11459.0
snake,a2c,snake_survivor,81,19,-31.190000534057617,1761518720282,0.0,1.0,19.0
snake,a2c,snake_survivor,82,16,-31.15999984741211,1761518720540,0.0,1.0,16.0
snake,a2c,snake_survivor,83,16,-31.15999984741211,1761518720790,0.0,1.0,16.0
snake,a2c,snake_survivor,80,192,-28.919998168945312,1761518720855,2.0,1.0,192.0
snake,a2c,snake_survivor,91,3810,-67.09964752197266,1761518721413,1.0,1.0,3810.0
snake,a2c,snake_survivor,72,3829,-65.28958129882812,1761518721834,2.0,1.0,3829.0
snake,a2c,snake_survivor,92,667,-33.670013427734375,1761518723383,2.0,1.0,667.0
snake,a2c,snake_survivor,84,176,-30.759998321533203,1761518723628,1.0,1.0,176.0
snake,a2c,snake_survivor,93,16,-31.15999984741211,1761518723644,0.0,1.0,16.0
snake,a2c,snake_survivor,81,184,-32.84000015258789,1761518723823,0.0,1.0,184.0
snake,a2c,snake_survivor,92,150,-32.5,1761518723839,0.0,1.0,150.0
snake,a2c,snake_survivor,77,619,-35.189998626708984,1761518727098,1.0,1.0,619.0
snake,a2c,snake_survivor,78,178,-32.779998779296875,1761518729964,0.0,1.0,178.0
snake,a2c,snake_survivor,94,1008,-41.080135345458984,1761518739902,0.0,1.0,1008.0
snake,a2c,snake_survivor,79,744,-38.4400749206543,1761518741976,0.0,1.0,744.0
snake,a2c,snake_survivor,80,59,-31.59000015258789,1761518742917,0.0,1.0,59.0
snake,a2c,snake_survivor,81,433,-35.33000564575195,1761518749849,0.0,1.0,433.0
snake,a2c,snake_survivor,74,7934,-108.33777618408203,1761518757868,1.0,1.0,7934.0
snake,a2c,snake_survivor,82,609,-37.09004592895508,1761518759553,0.0,1.0,609.0
snake,a2c,snake_survivor,85,3309,-62.09061050415039,1761518776630,1.0,1.0,3309.0
snake,a2c,snake_survivor,73,3470,-65.70018768310547,1761518777446,0.0,1.0,3470.0
snake,a2c,snake_survivor,74,490,-33.89999771118164,1761518785235,1.0,1.0,490.0
snake,a2c,snake_survivor,75,3176,-62.76062774658203,1761518808519,0.0,1.0,3176.0
snake,a2c,snake_survivor,75,2342,-54.420440673828125,1761518822553,0.0,1.0,2342.0
snake,a2c,snake_survivor,95,9176,-118.76042938232422,1761518887184,2.0,1.0,9176.0
snake,a2c,snake_survivor,76,40156,-432.6406555175781,1761519463345,0.0,1.0,40156.0
snake,a2c,snake_survivor,77,495,-35.95001983642578,1761519471181,0.0,1.0,495.0
snake,a2c,snake_survivor,96,38088,-409.9404602050781,1761519493947,1.0,1.0,38088.0
snake,a2c,snake_survivor,78,3217,-63.17060852050781,1761519522363,0.0,1.0,3217.0
snake,a2c,snake_survivor,67,50507,-536.251708984375,1761519522394,0.0,1.0,50507.0
snake,a2c,snake_survivor,93,50049,-531.667236328125,1761519522416,0.0,1.0,50049.0
snake,a2c,snake_survivor,94,17,-31.170000076293945,1761519522685,0.0,1.0,17.0
snake,a2c,snake_survivor,68,22,-31.219999313354492,1761519522752,0.0,1.0,22.0
snake,a2c,snake_survivor,69,23,-31.229999542236328,1761519523120,0.0,1.0,23.0
snake,a2c,snake_survivor,82,52404,-553.240234375,1761519559977,1.0,1.0,52404.0
snake,a2c,snake_survivor,95,2509,-56.090476989746094,1761519562722,0.0,1.0,2509.0
snake,a2c,snake_survivor,79,5053,-79.52790832519531,1761519604110,1.0,1.0,5053.0
snake,a2c,snake_survivor,96,4293,-73.92880249023438,1761519632409,0.0,1.0,4293.0
snake,a2c,snake_survivor,76,51595,-543.142333984375,1761519632788,2.0,1.0,51595.0
snake,a2c,snake_survivor,77,2484,-55.84047317504883,1761519672369,0.0,1.0,2484.0
snake,a2c,snake_survivor,83,6972,-100.71648406982422,1761519672369,0.0,1.0,6972.0
snake,a2c,snake_survivor,78,16,-31.15999984741211,1761519672636,0.0,1.0,16.0
snake,a2c,snake_survivor,80,5908,-90.07609558105469,1761519698478,0.0,1.0,5908.0
snake,a2c,snake_survivor,79,3469,-63.690185546875,1761519728570,1.0,1.0,3469.0
snake,a2c,snake_survivor,80,16,-31.15999984741211,1761519728825,0.0,1.0,16.0
snake,a2c,snake_survivor,81,337,-34.369998931884766,1761519734221,0.0,1.0,337.0
snake,a2c,snake_survivor,84,6046,-91.45586395263672,1761519770050,0.0,1.0,6046.0
snake,a2c,snake_survivor,85,42,-31.420000076293945,1761519770719,0.0,1.0,42.0
snake,a2c,snake_survivor,81,7617,-107.16786193847656,1761519821551,0.0,1.0,7617.0
snake,a2c,snake_survivor,82,16,-31.15999984741211,1761519821804,0.0,1.0,16.0
snake,a2c,snake_survivor,83,207,-31.069997787475586,1761519825117,1.0,1.0,207.0
snake,a2c,snake_survivor,86,3437,-65.3702392578125,1761519825942,0.0,1.0,3437.0
snake,a2c,snake_survivor,86,68578,-717.13818359375,1761519874533,0.0,1.0,68578.0
snake,a2c,snake_survivor,84,3027,-59.27059555053711,1761519874533,1.0,1.0,3027.0
snake,a2c,snake_survivor,97,15007,-179.0679473876953,1761519874548,1.0,1.0,15007.0
snake,a2c,snake_survivor,83,69660,-725.9668579101562,1761519874727,1.0,1.0,69660.0
snake,a2c,snake_survivor,70,21796,-248.9195098876953,1761519874779,0.0,1.0,21796.0
snake,a2c,snake_survivor,87,24,-31.239999771118164,1761519874918,0.0,1.0,24.0
snake,a2c,snake_survivor,88,54,-31.53999900817871,1761519875784,0.0,1.0,54.0
snake,a2c,snake_survivor,87,3066,-61.660606384277344,1761519876019,0.0,1.0,3066.0
snake,a2c,snake_survivor,82,8793,-116.92961120605469,1761519876673,1.0,1.0,8793.0
snake,a2c,snake_survivor,88,65,-31.649999618530273,1761519877073,0.0,1.0,65.0
snake,a2c,snake_survivor,84,191,-30.909997940063477,1761519877808,1.0,1.0,191.0
snake,a2c,snake_survivor,83,276,-31.759998321533203,1761519881125,1.0,1.0,276.0
snake,a2c,snake_survivor,85,337,-34.369998931884766,1761519883292,0.0,1.0,337.0
snake,a2c,snake_survivor,89,1809,-49.09031677246094,1761519906124,0.0,1.0,1809.0
snake,a2c,snake_survivor,84,5279,-79.78752899169922,1761519965718,2.0,1.0,5279.0
snake,a2c,snake_survivor,90,3876,-67.75950622558594,1761519968196,1.0,1.0,3876.0
snake,a2c,snake_survivor,89,5792,-88.91629028320312,1761519968640,0.0,1.0,5792.0
snake,a2c,snake_survivor,97,29488,-323.8545227050781,1761519968699,1.0,1.0,29488.0
snake,a2c,snake_survivor,85,191,-32.90999984741211,1761519968766,0.0,1.0,191.0
snake,a2c,snake_survivor,86,62,-29.619998931884766,1761519969737,1.0,1.0,62.0
snake,a2c,snake_survivor,87,61,-31.610000610351562,1761519970712,0.0,1.0,61.0
snake,a2c,snake_survivor,86,8912,-118.1206283569336,1761520025529,1.0,1.0,8912.0
snake,a2c,snake_survivor,90,6208,-93.07559204101562,1761520067227,0.0,1.0,6208.0
snake,a2c,snake_survivor,91,298,-33.97999954223633,1761520071966,0.0,1.0,298.0
snake,a2c,snake_survivor,85,13184,-160.8483428955078,1761520084792,1.0,1.0,13184.0
snake,a2c,snake_survivor,98,7333,-100.32673645019531,1761520085161,2.0,1.0,7333.0
snake,a2c,snake_survivor,86,4279,-73.78882598876953,1761520153045,0.0,1.0,4279.0
snake,a2c,snake_survivor,91,12187,-152.87762451171875,1761520162101,0.0,1.0,12187.0
snake,a2c,snake_survivor,88,12096,-147.96665954589844,1761520163194,2.0,1.0,12096.0
snake,a2c,snake_survivor,92,113,-30.1299991607666,1761520163899,1.0,1.0,113.0
snake,a2c,snake_survivor,92,5835,-87.3462142944336,1761520165006,1.0,1.0,5835.0
snake,a2c,snake_survivor,98,21945,-248.41021728515625,1761520224487,1.0,1.0,21945.0
snake,a2c,snake_survivor,93,8079,-111.78884887695312,1761520292513,0.0,1.0,8079.0
snake,a2c,snake_survivor,87,23373,-264.68084716796875,1761520397616,0.0,1.0,23373.0
snake,a2c,snake_survivor,71,37309,-404.1428527832031,1761520469385,0.0,1.0,37309.0
snake,a2c,snake_survivor,88,7426,-103.25745391845703,1761520516566,1.0,1.0,7426.0
snake,a2c,snake_survivor,89,27,-31.270000457763672,1761520517003,0.0,1.0,27.0
snake,a2c,snake_survivor,99,18346,-214.43846130371094,1761520517226,0.0,1.0,18346.0
snake,a2c,snake_survivor,89,22924,-260.1933288574219,1761520528911,0.0,1.0,22924.0
snake,a2c,snake_survivor,90,2527,-56.27048110961914,1761520557200,0.0,1.0,2527.0
snake,a2c,snake_survivor,100,2764,-56.64048767089844,1761520561190,1.0,1.0,2764.0
snake,a2c,snake_survivor,101,39,-27.389999389648438,1761520561812,2.0,1.0,39.0
snake,a2c,snake_survivor,90,3172,-62.72062683105469,1761520579596,0.0,1.0,3172.0
snake,a2c,snake_survivor,93,26087,-287.8102111816406,1761520581336,2.0,1.0,26087.0
snake,a2c,snake_survivor,94,36,-31.360000610351562,1761520581908,0.0,1.0,36.0
snake,a2c,snake_survivor,91,1408,-43.080177307128906,1761520602409,1.0,1.0,1408.0
snake,a2c,snake_survivor,72,10789,-136.8938751220703,1761520642730,1.0,1.0,10789.0
snake,a2c,snake_survivor,73,2237,-51.37041473388672,1761520678399,1.0,1.0,2237.0
snake,a2c,snake_survivor,91,7553,-106.52772521972656,1761520678520,0.0,1.0,7553.0
snake,a2c,snake_survivor,102,10776,-138.7646026611328,1761520734664,0.0,1.0,10776.0
snake,a2c,snake_survivor,103,1700,-44.00029373168945,1761520761626,2.0,1.0,1700.0
snake,a2c,snake_survivor,87,38340,-410.4629211425781,1761520765294,2.0,1.0,38340.0
snake,a2c,snake_survivor,99,42981,-458.9182434082031,1761520771427,1.0,1.0,42981.0
snake,a2c,snake_survivor,92,6064,-89.63583374023438,1761520775133,1.0,1.0,6064.0
snake,a2c,snake_survivor,95,12501,-154.0178680419922,1761520781675,1.0,1.0,12501.0
snake,a2c,snake_survivor,88,2103,-50.0303840637207,1761520798740,1.0,1.0,2103.0
snake,a2c,snake_survivor,89,79,-29.78999900817871,1761520799971,1.0,1.0,79.0
snake,a2c,snake_survivor,96,1285,-43.850196838378906,1761520802122,0.0,1.0,1285.0
snake,a2c,snake_survivor,97,2557,-54.57048797607422,1761520843276,1.0,1.0,2557.0
snake,a2c,snake_survivor,98,27,-31.270000457763672,1761520843697,0.0,1.0,27.0
snake,a2c,snake_survivor,104,7734,-108.3381118774414,1761520885238,0.0,1.0,7734.0
snake,a2c,snake_survivor,90,8357,-112.56901550292969,1761520933939,1.0,1.0,8357.0
snake,a2c,snake_survivor,105,5816,-87.15625,1761520978004,1.0,1.0,5816.0
snake,a2c,snake_survivor,106,2582,-54.82049560546875,1761521018973,1.0,1.0,2582.0
snake,a2c,snake_survivor,74,24676,-277.7037048339844,1761521072164,0.0,1.0,24676.0
snake,a2c,snake_survivor,107,3425,-61.25028610229492,1761521073783,2.0,1.0,3425.0
snake,a2c,snake_survivor,92,29564,-326.6172180175781,1761521074368,0.0,1.0,29564.0
snake,a2c,snake_survivor,93,20515,-234.11654663085938,1761521102683,1.0,1.0,20515.0
snake,a2c,snake_survivor,100,20763,-238.59518432617188,1761521102899,0.0,1.0,20763.0
snake,a2c,snake_survivor,94,50738,-538.56396484375,1761521103022,0.0,1.0,50738.0
snake,a2c,snake_survivor,75,1936,-50.360347747802734,1761521103071,0.0,1.0,1936.0
snake,a2c,snake_survivor,95,27,-31.270000457763672,1761521103432,0.0,1.0,27.0
snake,a2c,snake_survivor,101,57,-31.56999969482422,1761521103766,0.0,1.0,57.0
snake,a2c,snake_survivor,94,424,-35.2400016784668,1761521109240,0.0,1.0,424.0
snake,a2c,snake_survivor,76,1359,-44.590213775634766,1761521124680,0.0,1.0,1359.0
snake,a2c,snake_survivor,96,2654,-57.54051208496094,1761521145923,0.0,1.0,2654.0
snake,a2c,snake_survivor,77,4045,-71.44921875,1761521188984,0.0,1.0,4045.0
snake,a2c,snake_survivor,91,21226,-241.22378540039062,1761521271260,1.0,1.0,21226.0
snake,a2c,snake_survivor,92,2257,-53.57041931152344,1761521306761,0.0,1.0,2257.0
snake,a2c,snake_survivor,93,241,-33.40999984741211,1761521310608,0.0,1.0,241.0
snake,a2c,snake_survivor,108,17521,-206.1929931640625,1761521351572,0.0,1.0,17521.0
